"level-id","level","time","text","code","proc","src","plugin"
"4","info","00:00:14:171","run 39; xval 719; y val 1765","OK","7995/0","cLaneDetection.cpp(1088)","cLaneDetection_plugin"
"4","info","00:00:14:172","run 39; xval 698; y val 1904","OK","7995/0","cLaneDetection.cpp(1088)","cLaneDetection_plugin"
"4","info","00:00:14:172","run 39; xval 701; y val 1741","OK","7995/0","cLaneDetection.cpp(1088)","cLaneDetection_plugin"
"4","info","00:00:14:172","run 39; xval 715; y val 1919","OK","7995/0","cLaneDetection.cpp(1088)","cLaneDetection_plugin"
"4","info","00:00:14:172","run 39; xval 717; y val 1859","OK","7995/0","cLaneDetection.cpp(1088)","cLaneDetection_plugin"
"4","info","00:00:14:172","run 39; xval 717; y val 1839","OK","7995/0","cLaneDetection.cpp(1088)","cLaneDetection_plugin"
"4","info","00:00:14:182","run 40; xval 719; y val 1760","OK","7995/0","cLaneDetection.cpp(1088)","cLaneDetection_plugin"
"4","info","00:00:14:182","run 40; xval 715; y val 1919","OK","7995/0","cLaneDetection.cpp(1088)","cLaneDetection_plugin"
"4","info","00:00:14:182","run 40; xval 698; y val 1919","OK","7995/0","cLaneDetection.cpp(1088)","cLaneDetection_plugin"
"4","info","00:00:14:183","run 40; xval 704; y val 1655","OK","7995/0","cLaneDetection.cpp(1088)","cLaneDetection_plugin"
"4","info","00:00:14:193","run 41; xval 721; y val 1685","OK","7995/0","cLaneDetection.cpp(1088)","cLaneDetection_plugin"
"4","info","00:00:14:193","run 41; xval 698; y val 1904","OK","7995/0","cLaneDetection.cpp(1088)","cLaneDetection_plugin"
"4","info","00:00:14:193","run 41; xval 717; y val 1848","OK","7995/0","cLaneDetection.cpp(1088)","cLaneDetection_plugin"
"4","info","00:00:14:193","run 41; xval 701; y val 1746","OK","7995/0","cLaneDetection.cpp(1088)","cLaneDetection_plugin"
"4","info","00:00:14:193","run 41; xval 715; y val 1914","OK","7995/0","cLaneDetection.cpp(1088)","cLaneDetection_plugin"
"4","info","00:00:14:193","run 41; xval 721; y val 1692","OK","7995/0","cLaneDetection.cpp(1088)","cLaneDetection_plugin"
"4","info","00:00:14:204","run 42; xval 719; y val 1754","OK","7995/0","cLaneDetection.cpp(1088)","cLaneDetection_plugin"
"4","info","00:00:14:204","run 42; xval 698; y val 1919","OK","7995/0","cLaneDetection.cpp(1088)","cLaneDetection_plugin"
"4","info","00:00:14:204","run 42; xval 715; y val 1919","OK","7995/0","cLaneDetection.cpp(1088)","cLaneDetection_plugin"
"4","info","00:00:14:204","run 42; xval 717; y val 1852","OK","7995/0","cLaneDetection.cpp(1088)","cLaneDetection_plugin"
"4","info","00:00:14:213","run 43; xval 698; y val 1919","OK","7995/0","cLaneDetection.cpp(1088)","cLaneDetection_plugin"
"4","info","00:00:14:213","run 43; xval 719; y val 1770","OK","7995/0","cLaneDetection.cpp(1088)","cLaneDetection_plugin"
"4","info","00:00:14:213","run 43; xval 716; y val 1880","OK","7995/0","cLaneDetection.cpp(1088)","cLaneDetection_plugin"
"4","info","00:00:14:213","run 43; xval 703; y val 1675","OK","7995/0","cLaneDetection.cpp(1088)","cLaneDetection_plugin"
"4","info","00:00:14:213","run 43; xval 715; y val 1917","OK","7995/0","cLaneDetection.cpp(1088)","cLaneDetection_plugin"
"4","info","00:00:14:222","run 44; xval 719; y val 1765","OK","7995/0","cLaneDetection.cpp(1088)","cLaneDetection_plugin"
"4","info","00:00:14:222","run 44; xval 698; y val 1919","OK","7995/0","cLaneDetection.cpp(1088)","cLaneDetection_plugin"
"4","info","00:00:14:222","run 44; xval 715; y val 1919","OK","7995/0","cLaneDetection.cpp(1088)","cLaneDetection_plugin"
"4","info","00:00:14:222","run 44; xval 705; y val 1641","OK","7995/0","cLaneDetection.cpp(1088)","cLaneDetection_plugin"
"4","info","00:00:14:222","run 44; xval 702; y val 1712","OK","7995/0","cLaneDetection.cpp(1088)","cLaneDetection_plugin"
"4","info","00:00:14:233","run 45; xval 719; y val 1773","OK","7995/0","cLaneDetection.cpp(1088)","cLaneDetection_plugin"
"4","info","00:00:14:233","run 45; xval 698; y val 1919","OK","7995/0","cLaneDetection.cpp(1088)","cLaneDetection_plugin"
"4","info","00:00:14:233","run 45; xval 715; y val 1919","OK","7995/0","cLaneDetection.cpp(1088)","cLaneDetection_plugin"
"4","info","00:00:14:233","run 45; xval 725; y val 1558","OK","7995/0","cLaneDetection.cpp(1088)","cLaneDetection_plugin"
"4","info","00:00:14:243","run 46; xval 719; y val 1773","OK","7995/0","cLaneDetection.cpp(1088)","cLaneDetection_plugin"
"4","info","00:00:14:243","run 46; xval 698; y val 1919","OK","7995/0","cLaneDetection.cpp(1088)","cLaneDetection_plugin"
"4","info","00:00:14:243","run 46; xval 717; y val 1846","OK","7995/0","cLaneDetection.cpp(1088)","cLaneDetection_plugin"
"4","info","00:00:14:243","run 46; xval 703; y val 1677","OK","7995/0","cLaneDetection.cpp(1088)","cLaneDetection_plugin"
"4","info","00:00:14:243","run 46; xval 715; y val 1912","OK","7995/0","cLaneDetection.cpp(1088)","cLaneDetection_plugin"
"4","info","00:00:14:243","run 46; xval 725; y val 1563","OK","7995/0","cLaneDetection.cpp(1088)","cLaneDetection_plugin"
"4","info","00:00:14:251","run 47; xval 719; y val 1765","OK","7995/0","cLaneDetection.cpp(1088)","cLaneDetection_plugin"
"4","info","00:00:14:251","run 47; xval 698; y val 1919","OK","7995/0","cLaneDetection.cpp(1088)","cLaneDetection_plugin"
"4","info","00:00:14:251","run 47; xval 715; y val 1919","OK","7995/0","cLaneDetection.cpp(1088)","cLaneDetection_plugin"
"4","info","00:00:14:251","run 47; xval 717; y val 1855","OK","7995/0","cLaneDetection.cpp(1088)","cLaneDetection_plugin"
"4","info","00:00:14:251","run 47; xval 705; y val 1641","OK","7995/0","cLaneDetection.cpp(1088)","cLaneDetection_plugin"
"4","info","00:00:14:263","run 48; xval 720; y val 1719","OK","7995/0","cLaneDetection.cpp(1088)","cLaneDetection_plugin"
"4","info","00:00:14:263","run 48; xval 698; y val 1906","OK","7995/0","cLaneDetection.cpp(1088)","cLaneDetection_plugin"
"4","info","00:00:14:263","run 48; xval 715; y val 1919","OK","7995/0","cLaneDetection.cpp(1088)","cLaneDetection_plugin"
"4","info","00:00:14:263","run 48; xval 700; y val 1808","OK","7995/0","cLaneDetection.cpp(1088)","cLaneDetection_plugin"
"4","info","00:00:14:263","run 48; xval 701; y val 1717","OK","7995/0","cLaneDetection.cpp(1088)","cLaneDetection_plugin"
"4","info","00:00:14:263","run 48; xval 719; y val 1759","OK","7995/0","cLaneDetection.cpp(1088)","cLaneDetection_plugin"
"4","info","00:00:14:276","run 49; xval 719; y val 1770","OK","7995/0","cLaneDetection.cpp(1088)","cLaneDetection_plugin"
"4","info","00:00:14:276","run 49; xval 698; y val 1919","OK","7995/0","cLaneDetection.cpp(1088)","cLaneDetection_plugin"
"4","info","00:00:14:276","run 49; xval 717; y val 1842","OK","7995/0","cLaneDetection.cpp(1088)","cLaneDetection_plugin"
"4","info","00:00:14:276","run 49; xval 715; y val 1919","OK","7995/0","cLaneDetection.cpp(1088)","cLaneDetection_plugin"
"4","info","00:00:14:277","run 49; xval 704; y val 1660","OK","7995/0","cLaneDetection.cpp(1088)","cLaneDetection_plugin"
"4","info","00:00:14:284","run 50; xval 719; y val 1760","OK","7995/0","cLaneDetection.cpp(1088)","cLaneDetection_plugin"
"4","info","00:00:14:284","run 50; xval 698; y val 1919","OK","7995/0","cLaneDetection.cpp(1088)","cLaneDetection_plugin"
"4","info","00:00:14:284","run 50; xval 715; y val 1915","OK","7995/0","cLaneDetection.cpp(1088)","cLaneDetection_plugin"
"4","info","00:00:14:284","run 50; xval 546; y val 1484","OK","7995/0","cLaneDetection.cpp(1088)","cLaneDetection_plugin"
"4","info","00:00:14:284","run 50; xval 545; y val 1480","OK","7995/0","cLaneDetection.cpp(1088)","cLaneDetection_plugin"
"4","info","00:00:14:296","run 51; xval 719; y val 1757","OK","7995/0","cLaneDetection.cpp(1088)","cLaneDetection_plugin"
"4","info","00:00:14:296","run 51; xval 698; y val 1919","OK","7995/0","cLaneDetection.cpp(1088)","cLaneDetection_plugin"
"4","info","00:00:14:296","run 51; xval 717; y val 1842","OK","7995/0","cLaneDetection.cpp(1088)","cLaneDetection_plugin"
"4","info","00:00:14:296","run 51; xval 704; y val 1655","OK","7995/0","cLaneDetection.cpp(1088)","cLaneDetection_plugin"
"4","info","00:00:14:296","run 51; xval 716; y val 1891","OK","7995/0","cLaneDetection.cpp(1088)","cLaneDetection_plugin"
"4","info","00:00:14:305","run 52; xval 717; y val 1832","OK","7995/0","cLaneDetection.cpp(1088)","cLaneDetection_plugin"
"4","info","00:00:14:305","run 52; xval 701; y val 1734","OK","7995/0","cLaneDetection.cpp(1088)","cLaneDetection_plugin"
"4","info","00:00:14:305","run 52; xval 699; y val 1843","OK","7995/0","cLaneDetection.cpp(1088)","cLaneDetection_plugin"
"4","info","00:00:14:305","run 52; xval 717; y val 1850","OK","7995/0","cLaneDetection.cpp(1088)","cLaneDetection_plugin"
"4","info","00:00:14:305","run 52; xval 715; y val 1913","OK","7995/0","cLaneDetection.cpp(1088)","cLaneDetection_plugin"
"4","info","00:00:14:305","run 52; xval 723; y val 1624","OK","7995/0","cLaneDetection.cpp(1088)","cLaneDetection_plugin"
"4","info","00:00:14:316","run 53; xval 698; y val 1919","OK","7995/0","cLaneDetection.cpp(1088)","cLaneDetection_plugin"
"4","info","00:00:14:316","run 53; xval 719; y val 1767","OK","7995/0","cLaneDetection.cpp(1088)","cLaneDetection_plugin"
"4","info","00:00:14:316","run 53; xval 717; y val 1845","OK","7995/0","cLaneDetection.cpp(1088)","cLaneDetection_plugin"
"4","info","00:00:14:316","run 53; xval 705; y val 1641","OK","7995/0","cLaneDetection.cpp(1088)","cLaneDetection_plugin"
"4","info","00:00:14:316","run 53; xval 715; y val 1919","OK","7995/0","cLaneDetection.cpp(1088)","cLaneDetection_plugin"
"4","info","00:00:14:324","run 54; xval 720; y val 1719","OK","7995/0","cLaneDetection.cpp(1088)","cLaneDetection_plugin"
"4","info","00:00:14:324","run 54; xval 698; y val 1919","OK","7995/0","cLaneDetection.cpp(1088)","cLaneDetection_plugin"
"4","info","00:00:14:324","run 54; xval 715; y val 1919","OK","7995/0","cLaneDetection.cpp(1088)","cLaneDetection_plugin"
"4","info","00:00:14:324","run 54; xval 719; y val 1753","OK","7995/0","cLaneDetection.cpp(1088)","cLaneDetection_plugin"
"4","info","00:00:14:335","run 55; xval 719; y val 1771","OK","7995/0","cLaneDetection.cpp(1088)","cLaneDetection_plugin"
"4","info","00:00:14:335","run 55; xval 698; y val 1919","OK","7995/0","cLaneDetection.cpp(1088)","cLaneDetection_plugin"
"4","info","00:00:14:335","run 55; xval 715; y val 1919","OK","7995/0","cLaneDetection.cpp(1088)","cLaneDetection_plugin"
"4","info","00:00:14:335","run 55; xval 717; y val 1836","OK","7995/0","cLaneDetection.cpp(1088)","cLaneDetection_plugin"
"4","info","00:00:14:335","run 55; xval 705; y val 1642","OK","7995/0","cLaneDetection.cpp(1088)","cLaneDetection_plugin"
"4","info","00:00:14:344","run 56; xval 717; y val 1837","OK","7995/0","cLaneDetection.cpp(1088)","cLaneDetection_plugin"
"4","info","00:00:14:344","run 56; xval 699; y val 1824","OK","7995/0","cLaneDetection.cpp(1088)","cLaneDetection_plugin"
"4","info","00:00:14:344","run 56; xval 702; y val 1691","OK","7995/0","cLaneDetection.cpp(1088)","cLaneDetection_plugin"
"4","info","00:00:14:344","run 56; xval 699; y val 1843","OK","7995/0","cLaneDetection.cpp(1088)","cLaneDetection_plugin"
"4","info","00:00:14:344","run 56; xval 724; y val 1608","OK","7995/0","cLaneDetection.cpp(1088)","cLaneDetection_plugin"
"4","info","00:00:14:344","run 56; xval 715; y val 1919","OK","7995/0","cLaneDetection.cpp(1088)","cLaneDetection_plugin"
"4","info","00:00:14:344","run 56; xval 698; y val 1892","OK","7995/0","cLaneDetection.cpp(1088)","cLaneDetection_plugin"
"4","info","00:00:14:354","run 57; xval 698; y val 1919","OK","7995/0","cLaneDetection.cpp(1088)","cLaneDetection_plugin"
"4","info","00:00:14:355","run 57; xval 719; y val 1764","OK","7995/0","cLaneDetection.cpp(1088)","cLaneDetection_plugin"
"4","info","00:00:14:355","run 57; xval 716; y val 1911","OK","7995/0","cLaneDetection.cpp(1088)","cLaneDetection_plugin"
"4","info","00:00:14:355","run 57; xval 705; y val 1641","OK","7995/0","cLaneDetection.cpp(1088)","cLaneDetection_plugin"
"4","info","00:00:14:355","run 57; xval 715; y val 1919","OK","7995/0","cLaneDetection.cpp(1088)","cLaneDetection_plugin"
"4","info","00:00:14:372","run 58; xval 719; y val 1749","OK","7995/0","cLaneDetection.cpp(1088)","cLaneDetection_plugin"
"4","info","00:00:14:372","run 58; xval 698; y val 1919","OK","7995/0","cLaneDetection.cpp(1088)","cLaneDetection_plugin"
"4","info","00:00:14:372","run 58; xval 717; y val 1848","OK","7995/0","cLaneDetection.cpp(1088)","cLaneDetection_plugin"
"4","info","00:00:14:372","run 58; xval 704; y val 1655","OK","7995/0","cLaneDetection.cpp(1088)","cLaneDetection_plugin"
"4","info","00:00:14:372","run 58; xval 715; y val 1919","OK","7995/0","cLaneDetection.cpp(1088)","cLaneDetection_plugin"
"4","info","00:00:14:388","run 59; xval 698; y val 1919","OK","7995/0","cLaneDetection.cpp(1088)","cLaneDetection_plugin"
"4","info","00:00:14:388","run 59; xval 719; y val 1757","OK","7995/0","cLaneDetection.cpp(1088)","cLaneDetection_plugin"
"4","info","00:00:14:388","run 59; xval 715; y val 1919","OK","7995/0","cLaneDetection.cpp(1088)","cLaneDetection_plugin"
"4","info","00:00:14:388","run 59; xval 705; y val 1641","OK","7995/0","cLaneDetection.cpp(1088)","cLaneDetection_plugin"
"4","info","00:00:14:388","run 59; xval 703; y val 1676","OK","7995/0","cLaneDetection.cpp(1088)","cLaneDetection_plugin"
"4","info","00:00:14:413","run 60; xval 698; y val 1919","OK","7995/0","cLaneDetection.cpp(1088)","cLaneDetection_plugin"
"4","info","00:00:14:413","run 60; xval 719; y val 1758","OK","7995/0","cLaneDetection.cpp(1088)","cLaneDetection_plugin"
"4","info","00:00:14:413","run 60; xval 715; y val 1915","OK","7995/0","cLaneDetection.cpp(1088)","cLaneDetection_plugin"
"4","info","00:00:14:413","run 60; xval 702; y val 1712","OK","7995/0","cLaneDetection.cpp(1088)","cLaneDetection_plugin"
"4","info","00:00:14:434","run 61; xval 719; y val 1765","OK","7995/0","cLaneDetection.cpp(1088)","cLaneDetection_plugin"
"4","info","00:00:14:434","run 61; xval 698; y val 1913","OK","7995/0","cLaneDetection.cpp(1088)","cLaneDetection_plugin"
"4","info","00:00:14:434","run 61; xval 715; y val 1919","OK","7995/0","cLaneDetection.cpp(1088)","cLaneDetection_plugin"
"4","info","00:00:14:434","run 61; xval 702; y val 1712","OK","7995/0","cLaneDetection.cpp(1088)","cLaneDetection_plugin"
"4","info","00:00:14:457","run 62; xval 719; y val 1755","OK","7995/0","cLaneDetection.cpp(1088)","cLaneDetection_plugin"
"4","info","00:00:14:457","run 62; xval 698; y val 1919","OK","7995/0","cLaneDetection.cpp(1088)","cLaneDetection_plugin"
"4","info","00:00:14:457","run 62; xval 546; y val 1516","OK","7995/0","cLaneDetection.cpp(1088)","cLaneDetection_plugin"
"4","info","00:00:14:457","run 62; xval 715; y val 1919","OK","7995/0","cLaneDetection.cpp(1088)","cLaneDetection_plugin"
"4","info","00:00:14:457","run 62; xval 704; y val 1652","OK","7995/0","cLaneDetection.cpp(1088)","cLaneDetection_plugin"
"4","info","00:00:14:457","run 62; xval 549; y val 1919","OK","7995/0","cLaneDetection.cpp(1088)","cLaneDetection_plugin"
"4","info","00:00:14:457","run 62; xval 717; y val 1847","OK","7995/0","cLaneDetection.cpp(1088)","cLaneDetection_plugin"
"4","info","00:00:14:481","run 63; xval 719; y val 1758","OK","7995/0","cLaneDetection.cpp(1088)","cLaneDetection_plugin"
"4","info","00:00:14:481","run 63; xval 699; y val 1872","OK","7995/0","cLaneDetection.cpp(1088)","cLaneDetection_plugin"
"4","info","00:00:14:481","run 63; xval 715; y val 1919","OK","7995/0","cLaneDetection.cpp(1088)","cLaneDetection_plugin"
"4","info","00:00:14:502","run 64; xval 701; y val 1746","OK","7995/0","cLaneDetection.cpp(1088)","cLaneDetection_plugin"
"4","info","00:00:14:503","run 64; xval 717; y val 1833","OK","7995/0","cLaneDetection.cpp(1088)","cLaneDetection_plugin"
"4","info","00:00:14:503","run 64; xval 546; y val 1507","OK","7995/0","cLaneDetection.cpp(1088)","cLaneDetection_plugin"
"4","info","00:00:14:503","run 64; xval 704; y val 1652","OK","7995/0","cLaneDetection.cpp(1088)","cLaneDetection_plugin"
"4","info","00:00:14:503","run 64; xval 715; y val 1919","OK","7995/0","cLaneDetection.cpp(1088)","cLaneDetection_plugin"
"4","info","00:00:14:503","run 64; xval 723; y val 1606","OK","7995/0","cLaneDetection.cpp(1088)","cLaneDetection_plugin"
"4","info","00:00:14:525","run 65; xval 718; y val 1771","OK","7995/0","cLaneDetection.cpp(1088)","cLaneDetection_plugin"
"4","info","00:00:14:525","run 65; xval 700; y val 1807","OK","7995/0","cLaneDetection.cpp(1088)","cLaneDetection_plugin"
"4","info","00:00:14:525","run 65; xval 715; y val 1919","OK","7995/0","cLaneDetection.cpp(1088)","cLaneDetection_plugin"
"4","info","00:00:14:525","run 65; xval 717; y val 1848","OK","7995/0","cLaneDetection.cpp(1088)","cLaneDetection_plugin"
"4","info","00:00:14:552","run 66; xval 719; y val 1761","OK","7995/0","cLaneDetection.cpp(1088)","cLaneDetection_plugin"
"4","info","00:00:14:552","run 66; xval 698; y val 1919","OK","7995/0","cLaneDetection.cpp(1088)","cLaneDetection_plugin"
"4","info","00:00:14:552","run 66; xval 715; y val 1919","OK","7995/0","cLaneDetection.cpp(1088)","cLaneDetection_plugin"
"4","info","00:00:14:552","run 66; xval 705; y val 1641","OK","7995/0","cLaneDetection.cpp(1088)","cLaneDetection_plugin"
"4","info","00:00:14:552","run 66; xval 715; y val 1918","OK","7995/0","cLaneDetection.cpp(1088)","cLaneDetection_plugin"
"4","info","00:00:14:581","run 67; xval 698; y val 1919","OK","7995/0","cLaneDetection.cpp(1088)","cLaneDetection_plugin"
"4","info","00:00:14:581","run 67; xval 719; y val 1770","OK","7995/0","cLaneDetection.cpp(1088)","cLaneDetection_plugin"
"4","info","00:00:14:581","run 67; xval 715; y val 1919","OK","7995/0","cLaneDetection.cpp(1088)","cLaneDetection_plugin"
"4","info","00:00:14:581","run 67; xval 704; y val 1661","OK","7995/0","cLaneDetection.cpp(1088)","cLaneDetection_plugin"
"4","info","00:00:14:582","run 67; xval 546; y val 1498","OK","7995/0","cLaneDetection.cpp(1088)","cLaneDetection_plugin"
"4","info","00:00:14:604","run 68; xval 719; y val 1772","OK","7995/0","cLaneDetection.cpp(1088)","cLaneDetection_plugin"
"4","info","00:00:14:604","run 68; xval 698; y val 1919","OK","7995/0","cLaneDetection.cpp(1088)","cLaneDetection_plugin"
"4","info","00:00:14:604","run 68; xval 715; y val 1919","OK","7995/0","cLaneDetection.cpp(1088)","cLaneDetection_plugin"
"4","info","00:00:14:604","run 68; xval 703; y val 1677","OK","7995/0","cLaneDetection.cpp(1088)","cLaneDetection_plugin"
"4","info","00:00:14:626","run 69; xval 698; y val 1907","OK","7995/0","cLaneDetection.cpp(1088)","cLaneDetection_plugin"
"4","info","00:00:14:626","run 69; xval 720; y val 1717","OK","7995/0","cLaneDetection.cpp(1088)","cLaneDetection_plugin"
"4","info","00:00:14:626","run 69; xval 717; y val 1850","OK","7995/0","cLaneDetection.cpp(1088)","cLaneDetection_plugin"
"4","info","00:00:14:626","run 69; xval 704; y val 1661","OK","7995/0","cLaneDetection.cpp(1088)","cLaneDetection_plugin"
"4","info","00:00:14:626","run 69; xval 715; y val 1919","OK","7995/0","cLaneDetection.cpp(1088)","cLaneDetection_plugin"
"4","info","00:00:14:648","run 70; xval 698; y val 1919","OK","7995/0","cLaneDetection.cpp(1088)","cLaneDetection_plugin"
"4","info","00:00:14:648","run 70; xval 719; y val 1755","OK","7995/0","cLaneDetection.cpp(1088)","cLaneDetection_plugin"
"4","info","00:00:14:648","run 70; xval 715; y val 1919","OK","7995/0","cLaneDetection.cpp(1088)","cLaneDetection_plugin"
"4","info","00:00:14:648","run 70; xval 704; y val 1662","OK","7995/0","cLaneDetection.cpp(1088)","cLaneDetection_plugin"
"4","info","00:00:14:648","run 70; xval 719; y val 1779","OK","7995/0","cLaneDetection.cpp(1088)","cLaneDetection_plugin"
"4","info","00:00:14:674","run 71; xval 720; y val 1722","OK","7995/0","cLaneDetection.cpp(1088)","cLaneDetection_plugin"
"4","info","00:00:14:674","run 71; xval 698; y val 1919","OK","7995/0","cLaneDetection.cpp(1088)","cLaneDetection_plugin"
"4","info","00:00:14:675","run 71; xval 715; y val 1919","OK","7995/0","cLaneDetection.cpp(1088)","cLaneDetection_plugin"
"4","info","00:00:14:675","run 71; xval 705; y val 1643","OK","7995/0","cLaneDetection.cpp(1088)","cLaneDetection_plugin"
"4","info","00:00:14:675","run 71; xval 719; y val 1771","OK","7995/0","cLaneDetection.cpp(1088)","cLaneDetection_plugin"
"4","info","00:00:14:675","run 71; xval 717; y val 1841","OK","7995/0","cLaneDetection.cpp(1088)","cLaneDetection_plugin"
"4","info","00:00:14:697","run 72; xval 719; y val 1756","OK","7995/0","cLaneDetection.cpp(1088)","cLaneDetection_plugin"
"4","info","00:00:14:698","run 72; xval 698; y val 1919","OK","7995/0","cLaneDetection.cpp(1088)","cLaneDetection_plugin"
"4","info","00:00:14:698","run 72; xval 717; y val 1849","OK","7995/0","cLaneDetection.cpp(1088)","cLaneDetection_plugin"
"4","info","00:00:14:698","run 72; xval 715; y val 1919","OK","7995/0","cLaneDetection.cpp(1088)","cLaneDetection_plugin"
"4","info","00:00:14:716","run 73; xval 719; y val 1776","OK","7995/0","cLaneDetection.cpp(1088)","cLaneDetection_plugin"
"4","info","00:00:14:716","run 73; xval 699; y val 1836","OK","7995/0","cLaneDetection.cpp(1088)","cLaneDetection_plugin"
"4","info","00:00:14:716","run 73; xval 701; y val 1698","OK","7995/0","cLaneDetection.cpp(1088)","cLaneDetection_plugin"
"4","info","00:00:14:716","run 73; xval 715; y val 1919","OK","7995/0","cLaneDetection.cpp(1088)","cLaneDetection_plugin"
"4","info","00:00:14:716","run 73; xval 701; y val 1750","OK","7995/0","cLaneDetection.cpp(1088)","cLaneDetection_plugin"
"4","info","00:00:14:739","run 74; xval 717; y val 1836","OK","7995/0","cLaneDetection.cpp(1088)","cLaneDetection_plugin"
"4","info","00:00:14:739","run 74; xval 698; y val 1919","OK","7995/0","cLaneDetection.cpp(1088)","cLaneDetection_plugin"
"4","info","00:00:14:740","run 74; xval 703; y val 1678","OK","7995/0","cLaneDetection.cpp(1088)","cLaneDetection_plugin"
"4","info","00:00:14:740","run 74; xval 715; y val 1919","OK","7995/0","cLaneDetection.cpp(1088)","cLaneDetection_plugin"
"4","info","00:00:14:740","run 74; xval 546; y val 1512","OK","7995/0","cLaneDetection.cpp(1088)","cLaneDetection_plugin"
"4","info","00:00:14:740","run 74; xval 545; y val 1493","OK","7995/0","cLaneDetection.cpp(1088)","cLaneDetection_plugin"
"4","info","00:00:14:762","run 75; xval 719; y val 1775","OK","7995/0","cLaneDetection.cpp(1088)","cLaneDetection_plugin"
"4","info","00:00:14:762","run 75; xval 701; y val 1745","OK","7995/0","cLaneDetection.cpp(1088)","cLaneDetection_plugin"
"4","info","00:00:14:762","run 75; xval 717; y val 1845","OK","7995/0","cLaneDetection.cpp(1088)","cLaneDetection_plugin"
"4","info","00:00:14:762","run 75; xval 699; y val 1843","OK","7995/0","cLaneDetection.cpp(1088)","cLaneDetection_plugin"
"4","info","00:00:14:762","run 75; xval 715; y val 1914","OK","7995/0","cLaneDetection.cpp(1088)","cLaneDetection_plugin"
"4","info","00:00:14:762","run 75; xval 725; y val 1564","OK","7995/0","cLaneDetection.cpp(1088)","cLaneDetection_plugin"
"4","info","00:00:14:790","run 76; xval 719; y val 1750","OK","7995/0","cLaneDetection.cpp(1088)","cLaneDetection_plugin"
"4","info","00:00:14:790","run 76; xval 699; y val 1816","OK","7995/0","cLaneDetection.cpp(1088)","cLaneDetection_plugin"
"4","info","00:00:14:790","run 76; xval 715; y val 1919","OK","7995/0","cLaneDetection.cpp(1088)","cLaneDetection_plugin"
"4","info","00:00:14:790","run 76; xval 698; y val 1873","OK","7995/0","cLaneDetection.cpp(1088)","cLaneDetection_plugin"
"4","info","00:00:14:790","run 76; xval 546; y val 1499","OK","7995/0","cLaneDetection.cpp(1088)","cLaneDetection_plugin"
"4","info","00:00:14:790","run 76; xval 719; y val 1772","OK","7995/0","cLaneDetection.cpp(1088)","cLaneDetection_plugin"
"4","info","00:00:14:813","run 77; xval 718; y val 1771","OK","7995/0","cLaneDetection.cpp(1088)","cLaneDetection_plugin"
"4","info","00:00:14:813","run 77; xval 698; y val 1900","OK","7995/0","cLaneDetection.cpp(1088)","cLaneDetection_plugin"
"4","info","00:00:14:813","run 77; xval 717; y val 1845","OK","7995/0","cLaneDetection.cpp(1088)","cLaneDetection_plugin"
"4","info","00:00:14:813","run 77; xval 703; y val 1674","OK","7995/0","cLaneDetection.cpp(1088)","cLaneDetection_plugin"
"4","info","00:00:14:813","run 77; xval 715; y val 1919","OK","7995/0","cLaneDetection.cpp(1088)","cLaneDetection_plugin"
"4","info","00:00:14:832","run 78; xval 718; y val 1771","OK","7995/0","cLaneDetection.cpp(1088)","cLaneDetection_plugin"
"4","info","00:00:14:832","run 78; xval 698; y val 1919","OK","7995/0","cLaneDetection.cpp(1088)","cLaneDetection_plugin"
"4","info","00:00:14:832","run 78; xval 715; y val 1908","OK","7995/0","cLaneDetection.cpp(1088)","cLaneDetection_plugin"
"4","info","00:00:14:832","run 78; xval 703; y val 1673","OK","7995/0","cLaneDetection.cpp(1088)","cLaneDetection_plugin"
"4","info","00:00:14:832","run 78; xval 715; y val 1918","OK","7995/0","cLaneDetection.cpp(1088)","cLaneDetection_plugin"
"4","info","00:00:14:858","run 79; xval 718; y val 1782","OK","7995/0","cLaneDetection.cpp(1088)","cLaneDetection_plugin"
"4","info","00:00:14:858","run 79; xval 698; y val 1919","OK","7995/0","cLaneDetection.cpp(1088)","cLaneDetection_plugin"
"4","info","00:00:14:858","run 79; xval 715; y val 1919","OK","7995/0","cLaneDetection.cpp(1088)","cLaneDetection_plugin"
"4","info","00:00:14:858","run 79; xval 704; y val 1646","OK","7995/0","cLaneDetection.cpp(1088)","cLaneDetection_plugin"
"4","info","00:00:14:858","run 79; xval 717; y val 1836","OK","7995/0","cLaneDetection.cpp(1088)","cLaneDetection_plugin"
"4","info","00:00:14:883","run 80; xval 720; y val 1719","OK","7995/0","cLaneDetection.cpp(1088)","cLaneDetection_plugin"
"4","info","00:00:14:883","run 80; xval 698; y val 1919","OK","7995/0","cLaneDetection.cpp(1088)","cLaneDetection_plugin"
"4","info","00:00:14:883","run 80; xval 715; y val 1919","OK","7995/0","cLaneDetection.cpp(1088)","cLaneDetection_plugin"
"4","info","00:00:14:883","run 80; xval 702; y val 1718","OK","7995/0","cLaneDetection.cpp(1088)","cLaneDetection_plugin"
"4","info","00:00:14:883","run 80; xval 704; y val 1652","OK","7995/0","cLaneDetection.cpp(1088)","cLaneDetection_plugin"
"4","info","00:00:14:883","run 80; xval 719; y val 1758","OK","7995/0","cLaneDetection.cpp(1088)","cLaneDetection_plugin"
"4","info","00:00:14:903","run 81; xval 720; y val 1699","OK","7995/0","cLaneDetection.cpp(1088)","cLaneDetection_plugin"
"4","info","00:00:14:903","run 81; xval 698; y val 1919","OK","7995/0","cLaneDetection.cpp(1088)","cLaneDetection_plugin"
"4","info","00:00:14:903","run 81; xval 717; y val 1848","OK","7995/0","cLaneDetection.cpp(1088)","cLaneDetection_plugin"
"4","info","00:00:14:903","run 81; xval 715; y val 1919","OK","7995/0","cLaneDetection.cpp(1088)","cLaneDetection_plugin"
"4","info","00:00:14:903","run 81; xval 704; y val 1661","OK","7995/0","cLaneDetection.cpp(1088)","cLaneDetection_plugin"
"4","info","00:00:14:904","run 81; xval 720; y val 1721","OK","7995/0","cLaneDetection.cpp(1088)","cLaneDetection_plugin"
"4","info","00:00:14:924","run 82; xval 719; y val 1758","OK","7995/0","cLaneDetection.cpp(1088)","cLaneDetection_plugin"
"4","info","00:00:14:924","run 82; xval 698; y val 1919","OK","7995/0","cLaneDetection.cpp(1088)","cLaneDetection_plugin"
"4","info","00:00:14:924","run 82; xval 717; y val 1847","OK","7995/0","cLaneDetection.cpp(1088)","cLaneDetection_plugin"
"4","info","00:00:14:924","run 82; xval 716; y val 1883","OK","7995/0","cLaneDetection.cpp(1088)","cLaneDetection_plugin"
"4","info","00:00:14:948","run 83; xval 719; y val 1756","OK","7995/0","cLaneDetection.cpp(1088)","cLaneDetection_plugin"
"4","info","00:00:14:948","run 83; xval 699; y val 1840","OK","7995/0","cLaneDetection.cpp(1088)","cLaneDetection_plugin"
"4","info","00:00:14:948","run 83; xval 715; y val 1919","OK","7995/0","cLaneDetection.cpp(1088)","cLaneDetection_plugin"
"4","info","00:00:14:948","run 83; xval 701; y val 1698","OK","7995/0","cLaneDetection.cpp(1088)","cLaneDetection_plugin"
"4","info","00:00:14:977","run 84; xval 720; y val 1718","OK","7995/0","cLaneDetection.cpp(1088)","cLaneDetection_plugin"
"4","info","00:00:14:977","run 84; xval 698; y val 1916","OK","7995/0","cLaneDetection.cpp(1088)","cLaneDetection_plugin"
"4","info","00:00:14:978","run 84; xval 717; y val 1846","OK","7995/0","cLaneDetection.cpp(1088)","cLaneDetection_plugin"
"4","info","00:00:14:978","run 84; xval 700; y val 1812","OK","7995/0","cLaneDetection.cpp(1088)","cLaneDetection_plugin"
"4","info","00:00:14:978","run 84; xval 715; y val 1919","OK","7995/0","cLaneDetection.cpp(1088)","cLaneDetection_plugin"
"4","info","00:00:14:978","run 84; xval 545; y val 1492","OK","7995/0","cLaneDetection.cpp(1088)","cLaneDetection_plugin"
"4","info","00:00:14:997","run 85; xval 720; y val 1720","OK","7995/0","cLaneDetection.cpp(1088)","cLaneDetection_plugin"
"4","info","00:00:14:997","run 85; xval 698; y val 1919","OK","7995/0","cLaneDetection.cpp(1088)","cLaneDetection_plugin"
"4","info","00:00:14:997","run 85; xval 715; y val 1919","OK","7995/0","cLaneDetection.cpp(1088)","cLaneDetection_plugin"
"4","info","00:00:14:997","run 85; xval 704; y val 1662","OK","7995/0","cLaneDetection.cpp(1088)","cLaneDetection_plugin"
"4","info","00:00:14:997","run 85; xval 719; y val 1778","OK","7995/0","cLaneDetection.cpp(1088)","cLaneDetection_plugin"
"4","info","00:00:14:997","run 85; xval 719; y val 1761","OK","7995/0","cLaneDetection.cpp(1088)","cLaneDetection_plugin"
"4","info","00:00:15:020","run 86; xval 719; y val 1772","OK","7995/0","cLaneDetection.cpp(1088)","cLaneDetection_plugin"
"4","info","00:00:15:020","run 86; xval 698; y val 1919","OK","7995/0","cLaneDetection.cpp(1088)","cLaneDetection_plugin"
"4","info","00:00:15:020","run 86; xval 715; y val 1912","OK","7995/0","cLaneDetection.cpp(1088)","cLaneDetection_plugin"
"4","info","00:00:15:020","run 86; xval 702; y val 1716","OK","7995/0","cLaneDetection.cpp(1088)","cLaneDetection_plugin"
"4","info","00:00:15:020","run 86; xval 716; y val 1890","OK","7995/0","cLaneDetection.cpp(1088)","cLaneDetection_plugin"
"4","info","00:00:15:039","run 87; xval 719; y val 1769","OK","7995/0","cLaneDetection.cpp(1088)","cLaneDetection_plugin"
"4","info","00:00:15:040","run 87; xval 700; y val 1808","OK","7995/0","cLaneDetection.cpp(1088)","cLaneDetection_plugin"
"4","info","00:00:15:040","run 87; xval 715; y val 1919","OK","7995/0","cLaneDetection.cpp(1088)","cLaneDetection_plugin"
"4","info","00:00:15:065","run 88; xval 720; y val 1699","OK","7995/0","cLaneDetection.cpp(1088)","cLaneDetection_plugin"
"4","info","00:00:15:065","run 88; xval 698; y val 1919","OK","7995/0","cLaneDetection.cpp(1088)","cLaneDetection_plugin"
"4","info","00:00:15:065","run 88; xval 715; y val 1915","OK","7995/0","cLaneDetection.cpp(1088)","cLaneDetection_plugin"
"4","info","00:00:15:065","run 88; xval 702; y val 1713","OK","7995/0","cLaneDetection.cpp(1088)","cLaneDetection_plugin"
"4","info","00:00:15:065","run 88; xval 546; y val 1513","OK","7995/0","cLaneDetection.cpp(1088)","cLaneDetection_plugin"
"4","info","00:00:15:066","run 88; xval 719; y val 1760","OK","7995/0","cLaneDetection.cpp(1088)","cLaneDetection_plugin"
"4","info","00:00:15:066","run 88; xval 720; y val 1722","OK","7995/0","cLaneDetection.cpp(1088)","cLaneDetection_plugin"
"4","info","00:00:15:090","run 89; xval 718; y val 1771","OK","7995/0","cLaneDetection.cpp(1088)","cLaneDetection_plugin"
"4","info","00:00:15:090","run 89; xval 715; y val 1919","OK","7995/0","cLaneDetection.cpp(1088)","cLaneDetection_plugin"
"4","info","00:00:15:090","run 89; xval 698; y val 1919","OK","7995/0","cLaneDetection.cpp(1088)","cLaneDetection_plugin"
"4","info","00:00:15:090","run 89; xval 704; y val 1653","OK","7995/0","cLaneDetection.cpp(1088)","cLaneDetection_plugin"
"4","info","00:00:15:113","run 90; xval 698; y val 1907","OK","7995/0","cLaneDetection.cpp(1088)","cLaneDetection_plugin"
"4","info","00:00:15:114","run 90; xval 719; y val 1764","OK","7995/0","cLaneDetection.cpp(1088)","cLaneDetection_plugin"
"4","info","00:00:15:114","run 90; xval 715; y val 1914","OK","7995/0","cLaneDetection.cpp(1088)","cLaneDetection_plugin"
"4","info","00:00:15:114","run 90; xval 704; y val 1660","OK","7995/0","cLaneDetection.cpp(1088)","cLaneDetection_plugin"
"4","info","00:00:15:135","run 91; xval 719; y val 1766","OK","7995/0","cLaneDetection.cpp(1088)","cLaneDetection_plugin"
"4","info","00:00:15:135","run 91; xval 698; y val 1907","OK","7995/0","cLaneDetection.cpp(1088)","cLaneDetection_plugin"
"4","info","00:00:15:135","run 91; xval 715; y val 1919","OK","7995/0","cLaneDetection.cpp(1088)","cLaneDetection_plugin"
"4","info","00:00:15:135","run 91; xval 700; y val 1812","OK","7995/0","cLaneDetection.cpp(1088)","cLaneDetection_plugin"
"4","info","00:00:15:155","run 92; xval 719; y val 1767","OK","7995/0","cLaneDetection.cpp(1088)","cLaneDetection_plugin"
"4","info","00:00:15:155","run 92; xval 698; y val 1919","OK","7995/0","cLaneDetection.cpp(1088)","cLaneDetection_plugin"
"4","info","00:00:15:155","run 92; xval 717; y val 1842","OK","7995/0","cLaneDetection.cpp(1088)","cLaneDetection_plugin"
"4","info","00:00:15:156","run 92; xval 703; y val 1673","OK","7995/0","cLaneDetection.cpp(1088)","cLaneDetection_plugin"
"4","info","00:00:15:156","run 92; xval 715; y val 1919","OK","7995/0","cLaneDetection.cpp(1088)","cLaneDetection_plugin"
"4","info","00:00:15:156","run 92; xval 704; y val 1654","OK","7995/0","cLaneDetection.cpp(1088)","cLaneDetection_plugin"
"4","info","00:00:15:179","run 93; xval 719; y val 1768","OK","7995/0","cLaneDetection.cpp(1088)","cLaneDetection_plugin"
"4","info","00:00:15:179","run 93; xval 698; y val 1919","OK","7995/0","cLaneDetection.cpp(1088)","cLaneDetection_plugin"
"4","info","00:00:15:179","run 93; xval 717; y val 1848","OK","7995/0","cLaneDetection.cpp(1088)","cLaneDetection_plugin"
"4","info","00:00:15:179","run 93; xval 703; y val 1677","OK","7995/0","cLaneDetection.cpp(1088)","cLaneDetection_plugin"
"4","info","00:00:15:179","run 93; xval 715; y val 1919","OK","7995/0","cLaneDetection.cpp(1088)","cLaneDetection_plugin"
"4","info","00:00:15:203","run 94; xval 719; y val 1758","OK","7995/0","cLaneDetection.cpp(1088)","cLaneDetection_plugin"
"4","info","00:00:15:203","run 94; xval 698; y val 1919","OK","7995/0","cLaneDetection.cpp(1088)","cLaneDetection_plugin"
"4","info","00:00:15:203","run 94; xval 715; y val 1919","OK","7995/0","cLaneDetection.cpp(1088)","cLaneDetection_plugin"
"4","info","00:00:15:203","run 94; xval 705; y val 1641","OK","7995/0","cLaneDetection.cpp(1088)","cLaneDetection_plugin"
"4","info","00:00:15:203","run 94; xval 546; y val 1483","OK","7995/0","cLaneDetection.cpp(1088)","cLaneDetection_plugin"
"4","info","00:00:15:223","run 95; xval 720; y val 1699","OK","7995/0","cLaneDetection.cpp(1088)","cLaneDetection_plugin"
"4","info","00:00:15:224","run 95; xval 700; y val 1809","OK","7995/0","cLaneDetection.cpp(1088)","cLaneDetection_plugin"
"4","info","00:00:15:224","run 95; xval 716; y val 1911","OK","7995/0","cLaneDetection.cpp(1088)","cLaneDetection_plugin"
"4","info","00:00:15:224","run 95; xval 718; y val 1826","OK","7995/0","cLaneDetection.cpp(1088)","cLaneDetection_plugin"
"4","info","00:00:15:224","run 95; xval 722; y val 1669","OK","7995/0","cLaneDetection.cpp(1088)","cLaneDetection_plugin"
"4","info","00:00:15:251","run 96; xval 719; y val 1772","OK","7995/0","cLaneDetection.cpp(1088)","cLaneDetection_plugin"
"4","info","00:00:15:251","run 96; xval 698; y val 1919","OK","7995/0","cLaneDetection.cpp(1088)","cLaneDetection_plugin"
"4","info","00:00:15:251","run 96; xval 717; y val 1847","OK","7995/0","cLaneDetection.cpp(1088)","cLaneDetection_plugin"
"4","info","00:00:15:251","run 96; xval 704; y val 1661","OK","7995/0","cLaneDetection.cpp(1088)","cLaneDetection_plugin"
"4","info","00:00:15:251","run 96; xval 717; y val 1862","OK","7995/0","cLaneDetection.cpp(1088)","cLaneDetection_plugin"
"4","info","00:00:15:251","run 96; xval 715; y val 1913","OK","7995/0","cLaneDetection.cpp(1088)","cLaneDetection_plugin"
"4","info","00:00:15:276","run 97; xval 719; y val 1753","OK","7995/0","cLaneDetection.cpp(1088)","cLaneDetection_plugin"
"4","info","00:00:15:276","run 97; xval 698; y val 1919","OK","7995/0","cLaneDetection.cpp(1088)","cLaneDetection_plugin"
"4","info","00:00:15:276","run 97; xval 716; y val 1911","OK","7995/0","cLaneDetection.cpp(1088)","cLaneDetection_plugin"
"4","info","00:00:15:276","run 97; xval 703; y val 1678","OK","7995/0","cLaneDetection.cpp(1088)","cLaneDetection_plugin"
"4","info","00:00:15:276","run 97; xval 715; y val 1919","OK","7995/0","cLaneDetection.cpp(1088)","cLaneDetection_plugin"
"4","info","00:00:15:277","run 97; xval 719; y val 1769","OK","7995/0","cLaneDetection.cpp(1088)","cLaneDetection_plugin"
"4","info","00:00:15:294","run 98; xval 719; y val 1763","OK","7995/0","cLaneDetection.cpp(1088)","cLaneDetection_plugin"
"4","info","00:00:15:294","run 98; xval 701; y val 1751","OK","7995/0","cLaneDetection.cpp(1088)","cLaneDetection_plugin"
"4","info","00:00:15:294","run 98; xval 717; y val 1848","OK","7995/0","cLaneDetection.cpp(1088)","cLaneDetection_plugin"
"4","info","00:00:15:294","run 98; xval 698; y val 1919","OK","7995/0","cLaneDetection.cpp(1088)","cLaneDetection_plugin"
"4","info","00:00:15:294","run 98; xval 716; y val 1891","OK","7995/0","cLaneDetection.cpp(1088)","cLaneDetection_plugin"
"4","info","00:00:15:315","run 99; xval 719; y val 1768","OK","7995/0","cLaneDetection.cpp(1088)","cLaneDetection_plugin"
"4","info","00:00:15:315","run 99; xval 699; y val 1835","OK","7995/0","cLaneDetection.cpp(1088)","cLaneDetection_plugin"
"4","info","00:00:15:315","run 99; xval 717; y val 1846","OK","7995/0","cLaneDetection.cpp(1088)","cLaneDetection_plugin"
"4","info","00:00:15:315","run 99; xval 701; y val 1731","OK","7995/0","cLaneDetection.cpp(1088)","cLaneDetection_plugin"
"4","info","00:00:15:315","run 99; xval 545; y val 1483","OK","7995/0","cLaneDetection.cpp(1088)","cLaneDetection_plugin"
"4","info","00:00:15:315","run 99; xval 703; y val 1673","OK","7995/0","cLaneDetection.cpp(1088)","cLaneDetection_plugin"
"4","info","00:00:15:315","run 99; xval 698; y val 1900","OK","7995/0","cLaneDetection.cpp(1088)","cLaneDetection_plugin"
"4","info","00:00:15:315","run 99; xval 716; y val 1887","OK","7995/0","cLaneDetection.cpp(1088)","cLaneDetection_plugin"
"4","info","00:00:15:344","run 100; xval 719; y val 1762","OK","7995/0","cLaneDetection.cpp(1088)","cLaneDetection_plugin"
"4","info","00:00:15:344","run 100; xval 700; y val 1812","OK","7995/0","cLaneDetection.cpp(1088)","cLaneDetection_plugin"
"4","info","00:00:15:345","run 100; xval 715; y val 1919","OK","7995/0","cLaneDetection.cpp(1088)","cLaneDetection_plugin"
"4","info","00:00:15:361","run 101; xval 719; y val 1763","OK","7995/0","cLaneDetection.cpp(1088)","cLaneDetection_plugin"
"4","info","00:00:15:361","run 101; xval 701; y val 1737","OK","7995/0","cLaneDetection.cpp(1088)","cLaneDetection_plugin"
"4","info","00:00:15:361","run 101; xval 716; y val 1882","OK","7995/0","cLaneDetection.cpp(1088)","cLaneDetection_plugin"
"4","info","00:00:15:361","run 101; xval 715; y val 1919","OK","7995/0","cLaneDetection.cpp(1088)","cLaneDetection_plugin"
"4","info","00:00:15:385","run 102; xval 720; y val 1698","OK","7995/0","cLaneDetection.cpp(1088)","cLaneDetection_plugin"
"4","info","00:00:15:386","run 102; xval 699; y val 1840","OK","7995/0","cLaneDetection.cpp(1088)","cLaneDetection_plugin"
"4","info","00:00:15:386","run 102; xval 715; y val 1919","OK","7995/0","cLaneDetection.cpp(1088)","cLaneDetection_plugin"
"4","info","00:00:15:386","run 102; xval 701; y val 1698","OK","7995/0","cLaneDetection.cpp(1088)","cLaneDetection_plugin"
"4","info","00:00:15:386","run 102; xval 719; y val 1765","OK","7995/0","cLaneDetection.cpp(1088)","cLaneDetection_plugin"
"4","info","00:00:15:386","run 102; xval 698; y val 1919","OK","7995/0","cLaneDetection.cpp(1088)","cLaneDetection_plugin"
"4","info","00:00:15:386","run 102; xval 721; y val 1689","OK","7995/0","cLaneDetection.cpp(1088)","cLaneDetection_plugin"
"4","info","00:00:15:409","run 103; xval 719; y val 1757","OK","7995/0","cLaneDetection.cpp(1088)","cLaneDetection_plugin"
"4","info","00:00:15:409","run 103; xval 698; y val 1919","OK","7995/0","cLaneDetection.cpp(1088)","cLaneDetection_plugin"
"4","info","00:00:15:409","run 103; xval 716; y val 1911","OK","7995/0","cLaneDetection.cpp(1088)","cLaneDetection_plugin"
"4","info","00:00:15:409","run 103; xval 715; y val 1919","OK","7995/0","cLaneDetection.cpp(1088)","cLaneDetection_plugin"
"4","info","00:00:15:431","run 104; xval 718; y val 1779","OK","7995/0","cLaneDetection.cpp(1088)","cLaneDetection_plugin"
"4","info","00:00:15:431","run 104; xval 698; y val 1919","OK","7995/0","cLaneDetection.cpp(1088)","cLaneDetection_plugin"
"4","info","00:00:15:431","run 104; xval 715; y val 1910","OK","7995/0","cLaneDetection.cpp(1088)","cLaneDetection_plugin"
"4","info","00:00:15:432","run 104; xval 704; y val 1651","OK","7995/0","cLaneDetection.cpp(1088)","cLaneDetection_plugin"
"4","info","00:00:15:456","run 105; xval 698; y val 1919","OK","7995/0","cLaneDetection.cpp(1088)","cLaneDetection_plugin"
"4","info","00:00:15:456","run 105; xval 720; y val 1712","OK","7995/0","cLaneDetection.cpp(1088)","cLaneDetection_plugin"
"4","info","00:00:15:456","run 105; xval 715; y val 1919","OK","7995/0","cLaneDetection.cpp(1088)","cLaneDetection_plugin"
"4","info","00:00:15:457","run 105; xval 703; y val 1673","OK","7995/0","cLaneDetection.cpp(1088)","cLaneDetection_plugin"
"4","info","00:00:15:479","run 106; xval 718; y val 1788","OK","7995/0","cLaneDetection.cpp(1088)","cLaneDetection_plugin"
"4","info","00:00:15:479","run 106; xval 698; y val 1919","OK","7995/0","cLaneDetection.cpp(1088)","cLaneDetection_plugin"
"4","info","00:00:15:480","run 106; xval 703; y val 1672","OK","7995/0","cLaneDetection.cpp(1088)","cLaneDetection_plugin"
"4","info","00:00:15:480","run 106; xval 715; y val 1919","OK","7995/0","cLaneDetection.cpp(1088)","cLaneDetection_plugin"
"4","info","00:00:15:502","run 107; xval 718; y val 1790","OK","7995/0","cLaneDetection.cpp(1088)","cLaneDetection_plugin"
"4","info","00:00:15:502","run 107; xval 698; y val 1919","OK","7995/0","cLaneDetection.cpp(1088)","cLaneDetection_plugin"
"4","info","00:00:15:502","run 107; xval 715; y val 1919","OK","7995/0","cLaneDetection.cpp(1088)","cLaneDetection_plugin"
"4","info","00:00:15:502","run 107; xval 704; y val 1653","OK","7995/0","cLaneDetection.cpp(1088)","cLaneDetection_plugin"
"4","info","00:00:15:502","run 107; xval 717; y val 1824","OK","7995/0","cLaneDetection.cpp(1088)","cLaneDetection_plugin"
"4","info","00:00:15:502","run 107; xval 722; y val 1632","OK","7995/0","cLaneDetection.cpp(1088)","cLaneDetection_plugin"
"4","info","00:00:15:523","run 108; xval 718; y val 1778","OK","7995/0","cLaneDetection.cpp(1088)","cLaneDetection_plugin"
"4","info","00:00:15:523","run 108; xval 698; y val 1896","OK","7995/0","cLaneDetection.cpp(1088)","cLaneDetection_plugin"
"4","info","00:00:15:523","run 108; xval 716; y val 1871","OK","7995/0","cLaneDetection.cpp(1088)","cLaneDetection_plugin"
"4","info","00:00:15:523","run 108; xval 702; y val 1712","OK","7995/0","cLaneDetection.cpp(1088)","cLaneDetection_plugin"
"4","info","00:00:15:523","run 108; xval 716; y val 1881","OK","7995/0","cLaneDetection.cpp(1088)","cLaneDetection_plugin"
"4","info","00:00:15:547","run 109; xval 718; y val 1789","OK","7995/0","cLaneDetection.cpp(1088)","cLaneDetection_plugin"
"4","info","00:00:15:547","run 109; xval 698; y val 1919","OK","7995/0","cLaneDetection.cpp(1088)","cLaneDetection_plugin"
"4","info","00:00:15:547","run 109; xval 715; y val 1917","OK","7995/0","cLaneDetection.cpp(1088)","cLaneDetection_plugin"
"4","info","00:00:15:547","run 109; xval 702; y val 1713","OK","7995/0","cLaneDetection.cpp(1088)","cLaneDetection_plugin"
"4","info","00:00:15:547","run 109; xval 722; y val 1633","OK","7995/0","cLaneDetection.cpp(1088)","cLaneDetection_plugin"
"4","info","00:00:15:578","run 110; xval 719; y val 1735","OK","7995/0","cLaneDetection.cpp(1088)","cLaneDetection_plugin"
"4","info","00:00:15:578","run 110; xval 698; y val 1868","OK","7995/0","cLaneDetection.cpp(1088)","cLaneDetection_plugin"
"4","info","00:00:15:578","run 110; xval 717; y val 1855","OK","7995/0","cLaneDetection.cpp(1088)","cLaneDetection_plugin"
"4","info","00:00:15:578","run 110; xval 700; y val 1762","OK","7995/0","cLaneDetection.cpp(1088)","cLaneDetection_plugin"
"4","info","00:00:15:578","run 110; xval 704; y val 1656","OK","7995/0","cLaneDetection.cpp(1088)","cLaneDetection_plugin"
"4","info","00:00:15:578","run 110; xval 715; y val 1909","OK","7995/0","cLaneDetection.cpp(1088)","cLaneDetection_plugin"
"4","info","00:00:15:578","run 110; xval 698; y val 1919","OK","7995/0","cLaneDetection.cpp(1088)","cLaneDetection_plugin"
"4","info","00:00:15:595","run 111; xval 718; y val 1785","OK","7995/0","cLaneDetection.cpp(1088)","cLaneDetection_plugin"
"4","info","00:00:15:596","run 111; xval 698; y val 1919","OK","7995/0","cLaneDetection.cpp(1088)","cLaneDetection_plugin"
"4","info","00:00:15:596","run 111; xval 716; y val 1873","OK","7995/0","cLaneDetection.cpp(1088)","cLaneDetection_plugin"
"4","info","00:00:15:620","run 112; xval 718; y val 1770","OK","7995/0","cLaneDetection.cpp(1088)","cLaneDetection_plugin"
"4","info","00:00:15:620","run 112; xval 697; y val 1918","OK","7995/0","cLaneDetection.cpp(1088)","cLaneDetection_plugin"
"4","info","00:00:15:620","run 112; xval 715; y val 1919","OK","7995/0","cLaneDetection.cpp(1088)","cLaneDetection_plugin"
"4","info","00:00:15:620","run 112; xval 704; y val 1657","OK","7995/0","cLaneDetection.cpp(1088)","cLaneDetection_plugin"
"4","info","00:00:15:620","run 112; xval 722; y val 1615","OK","7995/0","cLaneDetection.cpp(1088)","cLaneDetection_plugin"
"4","info","00:00:15:620","run 112; xval 719; y val 1751","OK","7995/0","cLaneDetection.cpp(1088)","cLaneDetection_plugin"
"4","info","00:00:15:639","run 113; xval 718; y val 1767","OK","7995/0","cLaneDetection.cpp(1088)","cLaneDetection_plugin"
"4","info","00:00:15:639","run 113; xval 698; y val 1894","OK","7995/0","cLaneDetection.cpp(1088)","cLaneDetection_plugin"
"4","info","00:00:15:639","run 113; xval 715; y val 1919","OK","7995/0","cLaneDetection.cpp(1088)","cLaneDetection_plugin"
"4","info","00:00:15:639","run 113; xval 722; y val 1620","OK","7995/0","cLaneDetection.cpp(1088)","cLaneDetection_plugin"
"4","info","00:00:15:665","run 114; xval 716; y val 1859","OK","7995/0","cLaneDetection.cpp(1088)","cLaneDetection_plugin"
"4","info","00:00:15:665","run 114; xval 697; y val 1919","OK","7995/0","cLaneDetection.cpp(1088)","cLaneDetection_plugin"
"4","info","00:00:15:665","run 114; xval 723; y val 1627","OK","7995/0","cLaneDetection.cpp(1088)","cLaneDetection_plugin"
"4","info","00:00:15:665","run 114; xval 545; y val 1526","OK","7995/0","cLaneDetection.cpp(1088)","cLaneDetection_plugin"
"4","info","00:00:15:665","run 114; xval 715; y val 1919","OK","7995/0","cLaneDetection.cpp(1088)","cLaneDetection_plugin"
"4","info","00:00:15:665","run 114; xval 703; y val 1672","OK","7995/0","cLaneDetection.cpp(1088)","cLaneDetection_plugin"
"4","info","00:00:15:691","run 115; xval 716; y val 1865","OK","7995/0","cLaneDetection.cpp(1088)","cLaneDetection_plugin"
"4","info","00:00:15:691","run 115; xval 697; y val 1919","OK","7995/0","cLaneDetection.cpp(1088)","cLaneDetection_plugin"
"4","info","00:00:15:691","run 115; xval 722; y val 1662","OK","7995/0","cLaneDetection.cpp(1088)","cLaneDetection_plugin"
"4","info","00:00:15:691","run 115; xval 700; y val 1760","OK","7995/0","cLaneDetection.cpp(1088)","cLaneDetection_plugin"
"4","info","00:00:15:691","run 115; xval 703; y val 1673","OK","7995/0","cLaneDetection.cpp(1088)","cLaneDetection_plugin"
"4","info","00:00:15:691","run 115; xval 545; y val 1517","OK","7995/0","cLaneDetection.cpp(1088)","cLaneDetection_plugin"
"4","info","00:00:15:691","run 115; xval 698; y val 1894","OK","7995/0","cLaneDetection.cpp(1088)","cLaneDetection_plugin"
"4","info","00:00:15:691","run 115; xval 715; y val 1919","OK","7995/0","cLaneDetection.cpp(1088)","cLaneDetection_plugin"
"4","info","00:00:15:691","run 115; xval 700; y val 1715","OK","7995/0","cLaneDetection.cpp(1088)","cLaneDetection_plugin"
"4","info","00:00:15:711","run 116; xval 716; y val 1844","OK","7995/0","cLaneDetection.cpp(1088)","cLaneDetection_plugin"
"4","info","00:00:15:711","run 116; xval 700; y val 1764","OK","7995/0","cLaneDetection.cpp(1088)","cLaneDetection_plugin"
"4","info","00:00:15:711","run 116; xval 715; y val 1901","OK","7995/0","cLaneDetection.cpp(1088)","cLaneDetection_plugin"
"4","info","00:00:15:711","run 116; xval 722; y val 1629","OK","7995/0","cLaneDetection.cpp(1088)","cLaneDetection_plugin"
"4","info","00:00:15:711","run 116; xval 723; y val 1579","OK","7995/0","cLaneDetection.cpp(1088)","cLaneDetection_plugin"
"4","info","00:00:15:711","run 116; xval 701; y val 1733","OK","7995/0","cLaneDetection.cpp(1088)","cLaneDetection_plugin"
"4","info","00:00:15:712","run 116; xval 544; y val 1506","OK","7995/0","cLaneDetection.cpp(1088)","cLaneDetection_plugin"
"4","info","00:00:15:733","run 117; xval 717; y val 1802","OK","7995/0","cLaneDetection.cpp(1088)","cLaneDetection_plugin"
"4","info","00:00:15:733","run 117; xval 697; y val 1919","OK","7995/0","cLaneDetection.cpp(1088)","cLaneDetection_plugin"
"4","info","00:00:15:733","run 117; xval 715; y val 1917","OK","7995/0","cLaneDetection.cpp(1088)","cLaneDetection_plugin"
"4","info","00:00:15:733","run 117; xval 719; y val 1716","OK","7995/0","cLaneDetection.cpp(1088)","cLaneDetection_plugin"
"4","info","00:00:15:733","run 117; xval 545; y val 1545","OK","7995/0","cLaneDetection.cpp(1088)","cLaneDetection_plugin"
"4","info","00:00:15:733","run 117; xval 703; y val 1671","OK","7995/0","cLaneDetection.cpp(1088)","cLaneDetection_plugin"
"4","info","00:00:15:757","run 118; xval 716; y val 1853","OK","7995/0","cLaneDetection.cpp(1088)","cLaneDetection_plugin"
"4","info","00:00:15:757","run 118; xval 697; y val 1919","OK","7995/0","cLaneDetection.cpp(1088)","cLaneDetection_plugin"
"4","info","00:00:15:757","run 118; xval 721; y val 1681","OK","7995/0","cLaneDetection.cpp(1088)","cLaneDetection_plugin"
"4","info","00:00:15:757","run 118; xval 699; y val 1759","OK","7995/0","cLaneDetection.cpp(1088)","cLaneDetection_plugin"
"4","info","00:00:15:757","run 118; xval 715; y val 1918","OK","7995/0","cLaneDetection.cpp(1088)","cLaneDetection_plugin"
"4","info","00:00:15:780","run 119; xval 715; y val 1919","OK","7995/0","cLaneDetection.cpp(1088)","cLaneDetection_plugin"
"4","info","00:00:15:780","run 119; xval 697; y val 1919","OK","7995/0","cLaneDetection.cpp(1088)","cLaneDetection_plugin"
"4","info","00:00:15:780","run 119; xval 720; y val 1710","OK","7995/0","cLaneDetection.cpp(1088)","cLaneDetection_plugin"
"4","info","00:00:15:803","run 120; xval 717; y val 1794","OK","7995/0","cLaneDetection.cpp(1088)","cLaneDetection_plugin"
"4","info","00:00:15:803","run 120; xval 696; y val 1919","OK","7995/0","cLaneDetection.cpp(1088)","cLaneDetection_plugin"
"4","info","00:00:15:803","run 120; xval 714; y val 1919","OK","7995/0","cLaneDetection.cpp(1088)","cLaneDetection_plugin"
"4","info","00:00:15:824","run 121; xval 715; y val 1875","OK","7995/0","cLaneDetection.cpp(1088)","cLaneDetection_plugin"
"4","info","00:00:15:824","run 121; xval 714; y val 1919","OK","7995/0","cLaneDetection.cpp(1088)","cLaneDetection_plugin"
"4","info","00:00:15:847","run 122; xval 721; y val 1638","OK","7995/0","cLaneDetection.cpp(1088)","cLaneDetection_plugin"
"4","info","00:00:15:847","run 122; xval 714; y val 1919","OK","7995/0","cLaneDetection.cpp(1088)","cLaneDetection_plugin"
"4","info","00:00:15:847","run 122; xval 696; y val 1919","OK","7995/0","cLaneDetection.cpp(1088)","cLaneDetection_plugin"
"4","info","00:00:15:847","run 122; xval 701; y val 1703","OK","7995/0","cLaneDetection.cpp(1088)","cLaneDetection_plugin"
"4","info","00:00:15:847","run 122; xval 719; y val 1705","OK","7995/0","cLaneDetection.cpp(1088)","cLaneDetection_plugin"
"4","info","00:00:15:877","run 123; xval 717; y val 1751","OK","7995/0","cLaneDetection.cpp(1088)","cLaneDetection_plugin"
"4","info","00:00:15:877","run 123; xval 696; y val 1919","OK","7995/0","cLaneDetection.cpp(1088)","cLaneDetection_plugin"
"4","info","00:00:15:877","run 123; xval 714; y val 1902","OK","7995/0","cLaneDetection.cpp(1088)","cLaneDetection_plugin"
"4","info","00:00:15:877","run 123; xval 546; y val 1580","OK","7995/0","cLaneDetection.cpp(1088)","cLaneDetection_plugin"
"4","info","00:00:15:877","run 123; xval 701; y val 1705","OK","7995/0","cLaneDetection.cpp(1088)","cLaneDetection_plugin"
"4","info","00:00:15:894","run 124; xval 717; y val 1756","OK","7995/0","cLaneDetection.cpp(1088)","cLaneDetection_plugin"
"4","info","00:00:15:894","run 124; xval 697; y val 1860","OK","7995/0","cLaneDetection.cpp(1088)","cLaneDetection_plugin"
"4","info","00:00:15:894","run 124; xval 714; y val 1891","OK","7995/0","cLaneDetection.cpp(1088)","cLaneDetection_plugin"
"4","info","00:00:15:894","run 124; xval 701; y val 1705","OK","7995/0","cLaneDetection.cpp(1088)","cLaneDetection_plugin"
"4","info","00:00:15:917","run 125; xval 717; y val 1756","OK","7995/0","cLaneDetection.cpp(1088)","cLaneDetection_plugin"
"4","info","00:00:15:917","run 125; xval 698; y val 1800","OK","7995/0","cLaneDetection.cpp(1088)","cLaneDetection_plugin"
"4","info","00:00:15:917","run 125; xval 714; y val 1906","OK","7995/0","cLaneDetection.cpp(1088)","cLaneDetection_plugin"
"4","info","00:00:15:917","run 125; xval 696; y val 1910","OK","7995/0","cLaneDetection.cpp(1088)","cLaneDetection_plugin"
"4","info","00:00:15:938","run 126; xval 715; y val 1831","OK","7995/0","cLaneDetection.cpp(1088)","cLaneDetection_plugin"
"4","info","00:00:15:939","run 126; xval 696; y val 1913","OK","7995/0","cLaneDetection.cpp(1088)","cLaneDetection_plugin"
"4","info","00:00:15:939","run 126; xval 714; y val 1906","OK","7995/0","cLaneDetection.cpp(1088)","cLaneDetection_plugin"
"4","info","00:00:15:939","run 126; xval 700; y val 1725","OK","7995/0","cLaneDetection.cpp(1088)","cLaneDetection_plugin"
"4","info","00:00:15:968","run 127; xval 717; y val 1747","OK","7995/0","cLaneDetection.cpp(1088)","cLaneDetection_plugin"
"4","info","00:00:15:968","run 127; xval 696; y val 1914","OK","7995/0","cLaneDetection.cpp(1088)","cLaneDetection_plugin"
"4","info","00:00:15:968","run 127; xval 714; y val 1905","OK","7995/0","cLaneDetection.cpp(1088)","cLaneDetection_plugin"
"4","info","00:00:15:968","run 127; xval 701; y val 1707","OK","7995/0","cLaneDetection.cpp(1088)","cLaneDetection_plugin"
"4","info","00:00:15:968","run 127; xval 716; y val 1817","OK","7995/0","cLaneDetection.cpp(1088)","cLaneDetection_plugin"
"4","info","00:00:15:987","run 128; xval 719; y val 1666","OK","7995/0","cLaneDetection.cpp(1088)","cLaneDetection_plugin"
"4","info","00:00:15:987","run 128; xval 696; y val 1919","OK","7995/0","cLaneDetection.cpp(1088)","cLaneDetection_plugin"
"4","info","00:00:15:987","run 128; xval 714; y val 1919","OK","7995/0","cLaneDetection.cpp(1088)","cLaneDetection_plugin"
"4","info","00:00:15:987","run 128; xval 701; y val 1708","OK","7995/0","cLaneDetection.cpp(1088)","cLaneDetection_plugin"
"4","info","00:00:15:987","run 128; xval 718; y val 1739","OK","7995/0","cLaneDetection.cpp(1088)","cLaneDetection_plugin"
"4","info","00:00:15:988","run 128; xval 699; y val 1766","OK","7995/0","cLaneDetection.cpp(1088)","cLaneDetection_plugin"
"4","info","00:00:16:011","run 129; xval 716; y val 1788","OK","7995/0","cLaneDetection.cpp(1088)","cLaneDetection_plugin"
"4","info","00:00:16:011","run 129; xval 697; y val 1786","OK","7995/0","cLaneDetection.cpp(1088)","cLaneDetection_plugin"
"4","info","00:00:16:011","run 129; xval 696; y val 1919","OK","7995/0","cLaneDetection.cpp(1088)","cLaneDetection_plugin"
"4","info","00:00:16:011","run 129; xval 544; y val 1591","OK","7995/0","cLaneDetection.cpp(1088)","cLaneDetection_plugin"
"4","info","00:00:16:011","run 129; xval 714; y val 1915","OK","7995/0","cLaneDetection.cpp(1088)","cLaneDetection_plugin"
"4","info","00:00:16:011","run 129; xval 698; y val 1793","OK","7995/0","cLaneDetection.cpp(1088)","cLaneDetection_plugin"
"4","info","00:00:16:011","run 129; xval 715; y val 1827","OK","7995/0","cLaneDetection.cpp(1088)","cLaneDetection_plugin"
"4","info","00:00:16:049","run 130; xval 717; y val 1759","OK","7995/0","cLaneDetection.cpp(1088)","cLaneDetection_plugin"
"4","info","00:00:16:050","run 130; xval 696; y val 1888","OK","7995/0","cLaneDetection.cpp(1088)","cLaneDetection_plugin"
"4","info","00:00:16:050","run 130; xval 714; y val 1918","OK","7995/0","cLaneDetection.cpp(1088)","cLaneDetection_plugin"
"4","info","00:00:16:050","run 130; xval 700; y val 1730","OK","7995/0","cLaneDetection.cpp(1088)","cLaneDetection_plugin"
"4","info","00:00:16:050","run 130; xval 715; y val 1833","OK","7995/0","cLaneDetection.cpp(1088)","cLaneDetection_plugin"
"4","info","00:00:16:050","run 130; xval 544; y val 1598","OK","7995/0","cLaneDetection.cpp(1088)","cLaneDetection_plugin"
"4","info","00:00:16:081","run 131; xval 720; y val 1651","OK","7995/0","cLaneDetection.cpp(1088)","cLaneDetection_plugin"
"4","info","00:00:16:081","run 131; xval 715; y val 1843","OK","7995/0","cLaneDetection.cpp(1088)","cLaneDetection_plugin"
"4","info","00:00:16:082","run 131; xval 698; y val 1787","OK","7995/0","cLaneDetection.cpp(1088)","cLaneDetection_plugin"
"4","info","00:00:16:082","run 131; xval 697; y val 1875","OK","7995/0","cLaneDetection.cpp(1088)","cLaneDetection_plugin"
"4","info","00:00:16:082","run 131; xval 543; y val 1600","OK","7995/0","cLaneDetection.cpp(1088)","cLaneDetection_plugin"
"4","info","00:00:16:082","run 131; xval 696; y val 1916","OK","7995/0","cLaneDetection.cpp(1088)","cLaneDetection_plugin"
"4","info","00:00:16:082","run 131; xval 720; y val 1652","OK","7995/0","cLaneDetection.cpp(1088)","cLaneDetection_plugin"
"4","info","00:00:16:110","run 132; xval 714; y val 1919","OK","7995/0","cLaneDetection.cpp(1088)","cLaneDetection_plugin"
"4","info","00:00:16:110","run 132; xval 696; y val 1919","OK","7995/0","cLaneDetection.cpp(1088)","cLaneDetection_plugin"
"4","info","00:00:16:111","run 132; xval 720; y val 1658","OK","7995/0","cLaneDetection.cpp(1088)","cLaneDetection_plugin"
"4","info","00:00:16:111","run 132; xval 721; y val 1635","OK","7995/0","cLaneDetection.cpp(1088)","cLaneDetection_plugin"
"4","info","00:00:16:127","run 133; xval 717; y val 1800","OK","7995/0","cLaneDetection.cpp(1088)","cLaneDetection_plugin"
"4","info","00:00:16:127","run 133; xval 696; y val 1905","OK","7995/0","cLaneDetection.cpp(1088)","cLaneDetection_plugin"
"4","info","00:00:16:127","run 133; xval 714; y val 1919","OK","7995/0","cLaneDetection.cpp(1088)","cLaneDetection_plugin"
"4","info","00:00:16:127","run 133; xval 543; y val 1607","OK","7995/0","cLaneDetection.cpp(1088)","cLaneDetection_plugin"
"4","info","00:00:16:128","run 133; xval 722; y val 1614","OK","7995/0","cLaneDetection.cpp(1088)","cLaneDetection_plugin"
"4","info","00:00:16:140","run 134; xval 719; y val 1728","OK","7995/0","cLaneDetection.cpp(1088)","cLaneDetection_plugin"
"4","info","00:00:16:140","run 134; xval 697; y val 1824","OK","7995/0","cLaneDetection.cpp(1088)","cLaneDetection_plugin"
"4","info","00:00:16:140","run 134; xval 714; y val 1899","OK","7995/0","cLaneDetection.cpp(1088)","cLaneDetection_plugin"
"4","info","00:00:16:140","run 134; xval 696; y val 1877","OK","7995/0","cLaneDetection.cpp(1088)","cLaneDetection_plugin"
"4","info","00:00:16:140","run 134; xval 696; y val 1919","OK","7995/0","cLaneDetection.cpp(1088)","cLaneDetection_plugin"
"4","info","00:00:16:140","run 134; xval 696; y val 1893","OK","7995/0","cLaneDetection.cpp(1088)","cLaneDetection_plugin"
"4","info","00:00:16:152","run 135; xval 717; y val 1799","OK","7995/0","cLaneDetection.cpp(1088)","cLaneDetection_plugin"
"4","info","00:00:16:152","run 135; xval 696; y val 1910","OK","7995/0","cLaneDetection.cpp(1088)","cLaneDetection_plugin"
"4","info","00:00:16:152","run 135; xval 714; y val 1919","OK","7995/0","cLaneDetection.cpp(1088)","cLaneDetection_plugin"
"4","info","00:00:16:152","run 135; xval 699; y val 1756","OK","7995/0","cLaneDetection.cpp(1088)","cLaneDetection_plugin"
"4","info","00:00:16:174","run 136; xval 696; y val 1913","OK","7995/0","cLaneDetection.cpp(1088)","cLaneDetection_plugin"
"4","info","00:00:16:174","run 136; xval 720; y val 1647","OK","7995/0","cLaneDetection.cpp(1088)","cLaneDetection_plugin"
"4","info","00:00:16:174","run 136; xval 720; y val 1539","OK","7995/0","cLaneDetection.cpp(1088)","cLaneDetection_plugin"
"4","info","00:00:16:174","run 136; xval 715; y val 1834","OK","7995/0","cLaneDetection.cpp(1088)","cLaneDetection_plugin"
"4","info","00:00:16:175","run 136; xval 700; y val 1737","OK","7995/0","cLaneDetection.cpp(1088)","cLaneDetection_plugin"
"4","info","00:00:16:195","run 137; xval 714; y val 1913","OK","7995/0","cLaneDetection.cpp(1088)","cLaneDetection_plugin"
"4","info","00:00:16:195","run 137; xval 696; y val 1919","OK","7995/0","cLaneDetection.cpp(1088)","cLaneDetection_plugin"
"4","info","00:00:16:195","run 137; xval 718; y val 1745","OK","7995/0","cLaneDetection.cpp(1088)","cLaneDetection_plugin"
"4","info","00:00:16:220","run 138; xval 695; y val 1919","OK","7995/0","cLaneDetection.cpp(1088)","cLaneDetection_plugin"
"4","info","00:00:16:220","run 138; xval 714; y val 1912","OK","7995/0","cLaneDetection.cpp(1088)","cLaneDetection_plugin"
"4","info","00:00:16:220","run 138; xval 718; y val 1745","OK","7995/0","cLaneDetection.cpp(1088)","cLaneDetection_plugin"
"4","info","00:00:16:220","run 138; xval 720; y val 1554","OK","7995/0","cLaneDetection.cpp(1088)","cLaneDetection_plugin"
"4","info","00:00:16:220","run 138; xval 699; y val 1758","OK","7995/0","cLaneDetection.cpp(1088)","cLaneDetection_plugin"
"4","info","00:00:16:242","run 139; xval 714; y val 1914","OK","7995/0","cLaneDetection.cpp(1088)","cLaneDetection_plugin"
"4","info","00:00:16:242","run 139; xval 697; y val 1820","OK","7995/0","cLaneDetection.cpp(1088)","cLaneDetection_plugin"
"4","info","00:00:16:242","run 139; xval 720; y val 1647","OK","7995/0","cLaneDetection.cpp(1088)","cLaneDetection_plugin"
"4","info","00:00:16:242","run 139; xval 695; y val 1919","OK","7995/0","cLaneDetection.cpp(1088)","cLaneDetection_plugin"
"4","info","00:00:16:242","run 139; xval 719; y val 1556","OK","7995/0","cLaneDetection.cpp(1088)","cLaneDetection_plugin"
"4","info","00:00:16:268","run 140; xval 713; y val 1919","OK","7995/0","cLaneDetection.cpp(1088)","cLaneDetection_plugin"
"4","info","00:00:16:268","run 140; xval 695; y val 1919","OK","7995/0","cLaneDetection.cpp(1088)","cLaneDetection_plugin"
"4","info","00:00:16:268","run 140; xval 720; y val 1650","OK","7995/0","cLaneDetection.cpp(1088)","cLaneDetection_plugin"
"4","info","00:00:16:268","run 140; xval 720; y val 1552","OK","7995/0","cLaneDetection.cpp(1088)","cLaneDetection_plugin"
"4","info","00:00:16:268","run 140; xval 541; y val 1638","OK","7995/0","cLaneDetection.cpp(1088)","cLaneDetection_plugin"
"4","info","00:00:16:268","run 140; xval 720; y val 1535","OK","7995/0","cLaneDetection.cpp(1088)","cLaneDetection_plugin"
"4","info","00:00:16:287","run 141; xval 714; y val 1919","OK","7995/0","cLaneDetection.cpp(1088)","cLaneDetection_plugin"
"4","info","00:00:16:287","run 141; xval 695; y val 1919","OK","7995/0","cLaneDetection.cpp(1088)","cLaneDetection_plugin"
"4","info","00:00:16:287","run 141; xval 717; y val 1770","OK","7995/0","cLaneDetection.cpp(1088)","cLaneDetection_plugin"
"4","info","00:00:16:311","run 142; xval 720; y val 1593","OK","7995/0","cLaneDetection.cpp(1088)","cLaneDetection_plugin"
"4","info","00:00:16:311","run 142; xval 717; y val 1744","OK","7995/0","cLaneDetection.cpp(1088)","cLaneDetection_plugin"
"4","info","00:00:16:311","run 142; xval 698; y val 1787","OK","7995/0","cLaneDetection.cpp(1088)","cLaneDetection_plugin"
"4","info","00:00:16:311","run 142; xval 540; y val 1619","OK","7995/0","cLaneDetection.cpp(1088)","cLaneDetection_plugin"
"4","info","00:00:16:311","run 142; xval 716; y val 1790","OK","7995/0","cLaneDetection.cpp(1088)","cLaneDetection_plugin"
"4","info","00:00:16:311","run 142; xval 696; y val 1862","OK","7995/0","cLaneDetection.cpp(1088)","cLaneDetection_plugin"
"4","info","00:00:16:334","run 143; xval 719; y val 1574","OK","7995/0","cLaneDetection.cpp(1088)","cLaneDetection_plugin"
"4","info","00:00:16:334","run 143; xval 715; y val 1823","OK","7995/0","cLaneDetection.cpp(1088)","cLaneDetection_plugin"
"4","info","00:00:16:334","run 143; xval 696; y val 1854","OK","7995/0","cLaneDetection.cpp(1088)","cLaneDetection_plugin"
"4","info","00:00:16:334","run 143; xval 714; y val 1880","OK","7995/0","cLaneDetection.cpp(1088)","cLaneDetection_plugin"
"4","info","00:00:16:334","run 143; xval 540; y val 1642","OK","7995/0","cLaneDetection.cpp(1088)","cLaneDetection_plugin"
"4","info","00:00:16:355","run 144; xval 714; y val 1915","OK","7995/0","cLaneDetection.cpp(1088)","cLaneDetection_plugin"
"4","info","00:00:16:355","run 144; xval 719; y val 1711","OK","7995/0","cLaneDetection.cpp(1088)","cLaneDetection_plugin"
"4","info","00:00:16:355","run 144; xval 695; y val 1919","OK","7995/0","cLaneDetection.cpp(1088)","cLaneDetection_plugin"
"4","info","00:00:16:355","run 144; xval 720; y val 1542","OK","7995/0","cLaneDetection.cpp(1088)","cLaneDetection_plugin"
"4","info","00:00:16:355","run 144; xval 698; y val 1777","OK","7995/0","cLaneDetection.cpp(1088)","cLaneDetection_plugin"
"4","info","00:00:16:380","run 145; xval 714; y val 1919","OK","7995/0","cLaneDetection.cpp(1088)","cLaneDetection_plugin"
"4","info","00:00:16:380","run 145; xval 695; y val 1919","OK","7995/0","cLaneDetection.cpp(1088)","cLaneDetection_plugin"
"4","info","00:00:16:380","run 145; xval 717; y val 1783","OK","7995/0","cLaneDetection.cpp(1088)","cLaneDetection_plugin"
"4","info","00:00:16:380","run 145; xval 719; y val 1578","OK","7995/0","cLaneDetection.cpp(1088)","cLaneDetection_plugin"
"4","info","00:00:16:404","run 146; xval 714; y val 1919","OK","7995/0","cLaneDetection.cpp(1088)","cLaneDetection_plugin"
"4","info","00:00:16:404","run 146; xval 696; y val 1912","OK","7995/0","cLaneDetection.cpp(1088)","cLaneDetection_plugin"
"4","info","00:00:16:404","run 146; xval 719; y val 1576","OK","7995/0","cLaneDetection.cpp(1088)","cLaneDetection_plugin"
"4","info","00:00:16:426","run 147; xval 713; y val 1919","OK","7995/0","cLaneDetection.cpp(1088)","cLaneDetection_plugin"
"4","info","00:00:16:426","run 147; xval 719; y val 1683","OK","7995/0","cLaneDetection.cpp(1088)","cLaneDetection_plugin"
"4","info","00:00:16:426","run 147; xval 698; y val 1801","OK","7995/0","cLaneDetection.cpp(1088)","cLaneDetection_plugin"
"4","info","00:00:16:426","run 147; xval 719; y val 1578","OK","7995/0","cLaneDetection.cpp(1088)","cLaneDetection_plugin"
"4","info","00:00:16:445","Close current file: /home/aadc/video3_004.dat","OK","7995/0","playbackfile.cpp(1408)","cHDRecordingPlugin"
